{
	"folders": {},
	"connections": {
		"oracle_thin-18aad83d11c-3230d46223ead772": {
			"provider": "oracle",
			"driver": "oracle_thin",
			"name": "localhost(bootuser)",
			"save-password": true,
			"configuration": {
				"host": "localhost",
				"port": "1521",
				"database": "XE",
				"url": "jdbc:oracle:thin:@//localhost:1521/XE",
				"configurationType": "MANUAL",
				"home": "C:\\oraclexe\\app\\oracle\\product\\11.2.0\\server",
				"type": "dev",
				"provider-properties": {
					"@dbeaver-connection-type@": "BASIC",
					"@dbeaver-sid-service@": "SERVICE"
				},
				"auth-model": "oracle_native"
			}
		},
		"oracle_thin-18aad83d1d3-61f93fd5c1fab273": {
			"provider": "oracle",
			"driver": "oracle_thin",
			"name": "localhost(sys)",
			"save-password": true,
			"configuration": {
				"host": "localhost",
				"port": "1521",
				"database": "XE",
				"url": "jdbc:oracle:thin:@//localhost:1521/XE",
				"configurationType": "MANUAL",
				"home": "C:\\oraclexe\\app\\oracle\\product\\11.2.0\\server",
				"type": "dev",
				"properties": {
					"useFetchSizeWithLongColumn": "true",
					"loginTimeout": "20",
					"oracle.jdbc.fanEnabled": "false"
				},
				"provider-properties": {
					"@dbeaver-connection-type@": "BASIC",
					"@dbeaver-sid-service@": "SERVICE"
				},
				"auth-model": "oracle_native",
				"auth-properties": {
					"oracle.logon-as": "sysdba"
				}
			}
		}
	},
	"connection-types": {
		"dev": {
			"name": "Development",
			"color": "255,255,255",
			"description": "Regular development database",
			"auto-commit": true,
			"confirm-execute": false,
			"confirm-data-change": false,
			"smart-commit": false,
			"smart-commit-recover": false,
			"auto-close-transactions": true,
			"close-transactions-period": 1800
		}
	}
}